<?xml version="1.0" encoding="utf-8"?>
<ApplicationInstallerManifest>
   <DefaultInstallationDirectory>/Applications/GenL/</DefaultInstallationDirectory>
   <ApplicationName>GenL</ApplicationName>
   <ExecutableName>application/GenL.exe</ExecutableName>
   <GUID>741b4cf7-75e9-4426-b102-53246872d9c0</GUID>
   <ApplicationIcon>icon_48.png</ApplicationIcon>
   <Logo>logo6402873756387599408.png</Logo>
   <Version>1.0</Version>
   <AuthorOrganization>Uppsala University</AuthorOrganization>
   <WelcomePanelText>GenL 1.0
Anna L. Ravensburg, Gunnar K. Palsson
gunnar.palsson@physics.uu.se</WelcomePanelText>
   <MCRProducts>
      <MCRProduct>
         <ExternalProductIdentifier>35002</ExternalProductIdentifier>
      </MCRProduct>
      <MCRProduct>
         <ExternalProductIdentifier>35003</ExternalProductIdentifier>
      </MCRProduct>
      <MCRProduct>
         <ExternalProductIdentifier>35010</ExternalProductIdentifier>
      </MCRProduct>
   </MCRProducts>
</ApplicationInstallerManifest>